Workbook

Sheet Roadmap Tracker
A1: Week | B1: Month | C1: Start_Date | D1: End_Date | E1: Topic | F1: Subtopics | G1: Learning_Materials | H1: Practical_Tasks | I1: Status | J1: Notes | K1: Completed_Date
A2: 1 | B2: 1 | C2: 2024-11-02 | D2: 2024-11-08 | E2: C# Fundamentals | F2: Variables|Data Types|Control Flow|Methods | G2: Microsoft Learn C# Basics | H2: Calculator App|Number Guessing Game | I2: Not Started
A3: 2 | B3: 1 | C3: 2024-11-09 | D3: 2024-11-15 | E3: C# Fundamentals | F3: Arrays|Collections|Strings | G3: freeCodeCamp C# Tutorial | H3: To-Do List Console App | I3: Not Started
A4: 3 | B4: 1 | C4: 2024-11-16 | D4: 2024-11-22 | E4: OOP Basics | F4: Classes|Objects|Constructors|Properties | G4: Microsoft Learn OOP | H4: Library Management System | I4: Not Started
A5: 4 | B5: 1 | C5: 2024-11-23 | D5: 2024-11-29 | E5: OOP Basics | F5: Methods|Encapsulation|Inheritance | G5: C# Players Guide | H5: Bank Account System|Shape Calculator | I5: Not Started
A6: 5 | B6: 2 | C6: 2024-11-30 | D6: 2024-12-06 | E6: OOP Advanced | F6: Polymorphism|Interfaces | G6: Microsoft Learn Advanced OOP | H6: Payment System Interface | I6: Not Started
A7: 6 | B7: 2 | C7: 2024-12-07 | D7: 2024-12-13 | E7: OOP Advanced | F7: Abstract Classes|Static Members | G7: C# in a Nutshell Ch 3-4 | H7: Animal Kingdom System | I7: Not Started
A8: 7 | B8: 2 | C8: 2024-12-14 | D8: 2024-12-20 | E8: C# Advanced Features | F8: Generics|Collections | G8: C# in a Nutshell Ch 7 | H8: Generic Repository Pattern | I8: Not Started
A9: 8 | B9: 2 | C9: 2024-12-21 | D9: 2024-12-27 | E9: C# Advanced Features | F9: LINQ|Exception Handling | G9: Microsoft Learn LINQ | H9: Student Management LINQ | I9: Not Started
A10: 9 | B10: 3 | C10: 2024-12-28 | D10: 2025-01-03 | E10: Data Structures | F10: Arrays|Strings|Linked Lists | G10: YouTube DS Playlist | H10: Implement LinkedList from scratch | I10: Not Started
A11: 10 | B11: 3 | C11: 2025-01-04 | D11: 2025-01-10 | E11: Data Structures | F11: Stacks|Queues | G11: Data Structures Tutorial | H11: Implement Stack & Queue | I11: Not Started
A12: 11 | B12: 3 | C12: 2025-01-11 | D12: 2025-01-17 | E12: Data Structures | F12: Trees|BST | G12: Abdul Bari Algorithms | H12: Implement Binary Tree & BST | I12: Not Started
A13: 12 | B13: 3 | C13: 2025-01-18 | D13: 2025-01-24 | E13: Data Structures | F13: Hash Tables|Graphs | G13: Data Structures in C# | H13: Implement HashTable & Graph | I13: Not Started
... A97: 96 | B97: 24 | C97: 2026-08-29 | D97: 2026-09-04 | E97: Capstone Project | F97: Testing|Deployment|Documentation | G97: Production deployment | H97: Deploy & document project | I97: Not Started

Sheet Dashboard
A1: .NET Developer Roadmap - Dashboard
A2: Metric | B2: Value
A3: Total Weeks | B3: =COUNTA('Roadmap Tracker'!A2:A97)
A4: Total Months | B4: 24
A5: Weeks Completed | B5: =COUNTIF('Roadmap Tracker'!I2:I97,"Completed")
A6: Weeks In Progress | B6: =COUNTIF('Roadmap Tracker'!I2:I97,"In Progress")
A7: Weeks Not Started | B7: =COUNTIF('Roadmap Tracker'!I2:I97,"Not Started")
A8: Overall Progress (%) | B8: =ROUND((C3/C1)*100,1)
A9: Current Week | B9: =IF(C3>0,C3,IF(C4>0,C3+C4,0))
A10: Expected Progress (%) | B10: =ROUND((C7/C1)*100,1)
A11: Ahead/Behind Schedule | B11: =C6-C8

Sheet Monthly Progress
A1: Month | B1: Total Weeks | C1: Completed | D1: In Progress | E1: Not Started | F1: Progress (%)
A2: 1 | B2: 4 | C2: =COUNTIFS('Roadmap Tracker'!B:B,1,'Roadmap Tracker'!I:I,"Completed") | D2: =COUNTIFS('Roadmap Tracker'!B:B,1,'Roadmap Tracker'!I:I,"In Progress") | E2: =COUNTIFS('Roadmap Tracker'!B:B,1,'Roadmap Tracker'!I:I,"Not Started") | F2: =ROUND((C3/B3)*100,1)
A3: 2 | B3: 4 | C3: =COUNTIFS('Roadmap Tracker'!B:B,2,'Roadmap Tracker'!I:I,"Completed") | D3: =COUNTIFS('Roadmap Tracker'!B:B,2,'Roadmap Tracker'!I:I,"In Progress") | E3: =COUNTIFS('Roadmap Tracker'!B:B,2,'Roadmap Tracker'!I:I,"Not Started") | F3: =ROUND((C4/B4)*100,1)
A4: 3 | B4: 4 | C4: =COUNTIFS('Roadmap Tracker'!B:B,3,'Roadmap Tracker'!I:I,"Completed") | D4: =COUNTIFS('Roadmap Tracker'!B:B,3,'Roadmap Tracker'!I:I,"In Progress") | E4: =COUNTIFS('Roadmap Tracker'!B:B,3,'Roadmap Tracker'!I:I,"Not Started") | F4: =ROUND((C5/B5)*100,1)
A5: 4 | B5: 4 | C5: =COUNTIFS('Roadmap Tracker'!B:B,4,'Roadmap Tracker'!I:I,"Completed") | D5: =COUNTIFS('Roadmap Tracker'!B:B,4,'Roadmap Tracker'!I:I,"In Progress") | E5: =COUNTIFS('Roadmap Tracker'!B:B,4,'Roadmap Tracker'!I:I,"Not Started") | F5: =ROUND((C6/B6)*100,1)
A6: 5 | B6: 4 | C6: =COUNTIFS('Roadmap Tracker'!B:B,5,'Roadmap Tracker'!I:I,"Completed") | D6: =COUNTIFS('Roadmap Tracker'!B:B,5,'Roadmap Tracker'!I:I,"In Progress") | E6: =COUNTIFS('Roadmap Tracker'!B:B,5,'Roadmap Tracker'!I:I,"Not Started") | F6: =ROUND((C7/B7)*100,1)
A7: 6 | B7: 4 | C7: =COUNTIFS('Roadmap Tracker'!B:B,6,'Roadmap Tracker'!I:I,"Completed") | D7: =COUNTIFS('Roadmap Tracker'!B:B,6,'Roadmap Tracker'!I:I,"In Progress") | E7: =COUNTIFS('Roadmap Tracker'!B:B,6,'Roadmap Tracker'!I:I,"Not Started") | F7: =ROUND((C8/B8)*100,1)
A8: 7 | B8: 4 | C8: =COUNTIFS('Roadmap Tracker'!B:B,7,'Roadmap Tracker'!I:I,"Completed") | D8: =COUNTIFS('Roadmap Tracker'!B:B,7,'Roadmap Tracker'!I:I,"In Progress") | E8: =COUNTIFS('Roadmap Tracker'!B:B,7,'Roadmap Tracker'!I:I,"Not Started") | F8: =ROUND((C9/B9)*100,1)
A9: 8 | B9: 4 | C9: =COUNTIFS('Roadmap Tracker'!B:B,8,'Roadmap Tracker'!I:I,"Completed") | D9: =COUNTIFS('Roadmap Tracker'!B:B,8,'Roadmap Tracker'!I:I,"In Progress") | E9: =COUNTIFS('Roadmap Tracker'!B:B,8,'Roadmap Tracker'!I:I,"Not Started") | F9: =ROUND((C10/B10)*100,1)
A10: 9 | B10: 4 | C10: =COUNTIFS('Roadmap Tracker'!B:B,9,'Roadmap Tracker'!I:I,"Completed") | D10: =COUNTIFS('Roadmap Tracker'!B:B,9,'Roadmap Tracker'!I:I,"In Progress") | E10: =COUNTIFS('Roadmap Tracker'!B:B,9,'Roadmap Tracker'!I:I,"Not Started") | F10: =ROUND((C11/B11)*100,1)
A11: 10 | B11: 4 | C11: =COUNTIFS('Roadmap Tracker'!B:B,10,'Roadmap Tracker'!I:I,"Completed") | D11: =COUNTIFS('Roadmap Tracker'!B:B,10,'Roadmap Tracker'!I:I,"In Progress") | E11: =COUNTIFS('Roadmap Tracker'!B:B,10,'Roadmap Tracker'!I:I,"Not Started") | F11: =ROUND((C12/B12)*100,1)
A12: 11 | B12: 4 | C12: =COUNTIFS('Roadmap Tracker'!B:B,11,'Roadmap Tracker'!I:I,"Completed") | D12: =COUNTIFS('Roadmap Tracker'!B:B,11,'Roadmap Tracker'!I:I,"In Progress") | E12: =COUNTIFS('Roadmap Tracker'!B:B,11,'Roadmap Tracker'!I:I,"Not Started") | F12: =ROUND((C13/B13)*100,1)
A13: 12 | B13: 4 | C13: =COUNTIFS('Roadmap Tracker'!B:B,12,'Roadmap Tracker'!I:I,"Completed") | D13: =COUNTIFS('Roadmap Tracker'!B:B,12,'Roadmap Tracker'!I:I,"In Progress") | E13: =COUNTIFS('Roadmap Tracker'!B:B,12,'Roadmap Tracker'!I:I,"Not Started") | F13: =ROUND((C14/B14)*100,1)
A14: 13 | B14: 4 | C14: =COUNTIFS('Roadmap Tracker'!B:B,13,'Roadmap Tracker'!I:I,"Completed") | D14: =COUNTIFS('Roadmap Tracker'!B:B,13,'Roadmap Tracker'!I:I,"In Progress") | E14: =COUNTIFS('Roadmap Tracker'!B:B,13,'Roadmap Tracker'!I:I,"Not Started") | F14: =ROUND((C15/B15)*100,1)
A15: 14 | B15: 4 | C15: =COUNTIFS('Roadmap Tracker'!B:B,14,'Roadmap Tracker'!I:I,"Completed") | D15: =COUNTIFS('Roadmap Tracker'!B:B,14,'Roadmap Tracker'!I:I,"In Progress") | E15: =COUNTIFS('Roadmap Tracker'!B:B,14,'Roadmap Tracker'!I:I,"Not Started") | F15: =ROUND((C16/B16)*100,1)
A16: 15 | B16: 4 | C16: =COUNTIFS('Roadmap Tracker'!B:B,15,'Roadmap Tracker'!I:I,"Completed") | D16: =COUNTIFS('Roadmap Tracker'!B:B,15,'Roadmap Tracker'!I:I,"In Progress") | E16: =COUNTIFS('Roadmap Tracker'!B:B,15,'Roadmap Tracker'!I:I,"Not Started") | F16: =ROUND((C17/B17)*100,1)
A17: 16 | B17: 4 | C17: =COUNTIFS('Roadmap Tracker'!B:B,16,'Roadmap Tracker'!I:I,"Completed") | D17: =COUNTIFS('Roadmap Tracker'!B:B,16,'Roadmap Tracker'!I:I,"In Progress") | E17: =COUNTIFS('Roadmap Tracker'!B:B,16,'Roadmap Tracker'!I:I,"Not Started") | F17: =ROUND((C18/B18)*100,1)
A18: 17 | B18: 4 | C18: =COUNTIFS('Roadmap Tracker'!B:B,17,'Roadmap Tracker'!I:I,"Completed") | D18: =COUNTIFS('Roadmap Tracker'!B:B,17,'Roadmap Tracker'!I:I,"In Progress") | E18: =COUNTIFS('Roadmap Tracker'!B:B,17,'Roadmap Tracker'!I:I,"Not Started") | F18: =ROUND((C19/B19)*100,1)
A19: 18 | B19: 4 | C19: =COUNTIFS('Roadmap Tracker'!B:B,18,'Roadmap Tracker'!I:I,"Completed") | D19: =COUNTIFS('Roadmap Tracker'!B:B,18,'Roadmap Tracker'!I:I,"In Progress") | E19: =COUNTIFS('Roadmap Tracker'!B:B,18,'Roadmap Tracker'!I:I,"Not Started") | F19: =ROUND((C20/B20)*100,1)
A20: 19 | B20: 4 | C20: =COUNTIFS('Roadmap Tracker'!B:B,19,'Roadmap Tracker'!I:I,"Completed") | D20: =COUNTIFS('Roadmap Tracker'!B:B,19,'Roadmap Tracker'!I:I,"In Progress") | E20: =COUNTIFS('Roadmap Tracker'!B:B,19,'Roadmap Tracker'!I:I,"Not Started") | F20: =ROUND((C21/B21)*100,1)
A21: 20 | B21: 4 | C21: =COUNTIFS('Roadmap Tracker'!B:B,20,'Roadmap Tracker'!I:I,"Completed") | D21: =COUNTIFS('Roadmap Tracker'!B:B,20,'Roadmap Tracker'!I:I,"In Progress") | E21: =COUNTIFS('Roadmap Tracker'!B:B,20,'Roadmap Tracker'!I:I,"Not Started") | F21: =ROUND((C22/B22)*100,1)
A22: 21 | B22: 4 | C22: =COUNTIFS('Roadmap Tracker'!B:B,21,'Roadmap Tracker'!I:I,"Completed") | D22: =COUNTIFS('Roadmap Tracker'!B:B,21,'Roadmap Tracker'!I:I,"In Progress") | E22: =COUNTIFS('Roadmap Tracker'!B:B,21,'Roadmap Tracker'!I:I,"Not Started") | F22: =ROUND((C23/B23)*100,1)
A23: 22 | B23: 4 | C23: =COUNTIFS('Roadmap Tracker'!B:B,22,'Roadmap Tracker'!I:I,"Completed") | D23: =COUNTIFS('Roadmap Tracker'!B:B,22,'Roadmap Tracker'!I:I,"In Progress") | E23: =COUNTIFS('Roadmap Tracker'!B:B,22,'Roadmap Tracker'!I:I,"Not Started") | F23: =ROUND((C24/B24)*100,1)
A24: 23 | B24: 4 | C24: =COUNTIFS('Roadmap Tracker'!B:B,23,'Roadmap Tracker'!I:I,"Completed") | D24: =COUNTIFS('Roadmap Tracker'!B:B,23,'Roadmap Tracker'!I:I,"In Progress") | E24: =COUNTIFS('Roadmap Tracker'!B:B,23,'Roadmap Tracker'!I:I,"Not Started") | F24: =ROUND((C25/B25)*100,1)
A25: 24 | B25: 4 | C25: =COUNTIFS('Roadmap Tracker'!B:B,24,'Roadmap Tracker'!I:I,"Completed") | D25: =COUNTIFS('Roadmap Tracker'!B:B,24,'Roadmap Tracker'!I:I,"In Progress") | E25: =COUNTIFS('Roadmap Tracker'!B:B,24,'Roadmap Tracker'!I:I,"Not Started") | F25: =ROUND((C26/B26)*100,1)

Sheet Topics Progress
A1: Topic | B1: Total Weeks | C1: Completed | D1: In Progress | E1: Progress (%)
A2: C# Fundamentals | B2: =COUNTIF('Roadmap Tracker'!E:E,"C# Fundamentals") | C2: =COUNTIFS('Roadmap Tracker'!E:E,"C# Fundamentals",'Roadmap Tracker'!I:I,"Completed") | D2: =COUNTIFS('Roadmap Tracker'!E:E,"C# Fundamentals",'Roadmap Tracker'!I:I,"In Progress") | E2: =IF(B2=0,0,ROUND((C2/B2)*100,1))
A3: OOP Basics | B3: =COUNTIF('Roadmap Tracker'!E:E,"OOP Basics") | C3: =COUNTIFS('Roadmap Tracker'!E:E,"OOP Basics",'Roadmap Tracker'!I:I,"Completed") | D3: =COUNTIFS('Roadmap Tracker'!E:E,"OOP Basics",'Roadmap Tracker'!I:I,"In Progress") | E3: =IF(B3=0,0,ROUND((C3/B3)*100,1))
A4: OOP Advanced | B4: =COUNTIF('Roadmap Tracker'!E:E,"OOP Advanced") | C4: =COUNTIFS('Roadmap Tracker'!E:E,"OOP Advanced",'Roadmap Tracker'!I:I,"Completed") | D4: =COUNTIFS('Roadmap Tracker'!E:E,"OOP Advanced",'Roadmap Tracker'!I:I,"In Progress") | E4: =IF(B4=0,0,ROUND((C4/B4)*100,1))
A5: C# Advanced Features | B5: =COUNTIF('Roadmap Tracker'!E:E,"C# Advanced Features") | C5: =COUNTIFS('Roadmap Tracker'!E:E,"C# Advanced Features",'Roadmap Tracker'!I:I,"Completed") | D5: =COUNTIFS('Roadmap Tracker'!E:E,"C# Advanced Features",'Roadmap Tracker'!I:I,"In Progress") | E5: =IF(B5=0,0,ROUND((C5/B5)*100,1))
A6: Data Structures | B6: =COUNTIF('Roadmap Tracker'!E:E,"Data Structures") | C6: =COUNTIFS('Roadmap Tracker'!E:E,"Data Structures",'Roadmap Tracker'!I:I,"Completed") | D6: =COUNTIFS('Roadmap Tracker'!E:E,"Data Structures",'Roadmap Tracker'!I:I,"In Progress") | E6: =IF(B6=0,0,ROUND((C6/B6)*100,1))
A7: Algorithms | B7: =COUNTIF('Roadmap Tracker'!E:E,"Algorithms") | C7: =COUNTIFS('Roadmap Tracker'!E:E,"Algorithms",'Roadmap Tracker'!I:I,"Completed") | D7: =COUNTIFS('Roadmap Tracker'!E:E,"Algorithms",'Roadmap Tracker'!I:I,"In Progress") | E7: =IF(B7=0,0,ROUND((C7/B7)*100,1))
A8: Problem Solving | B8: =COUNTIF('Roadmap Tracker'!E:E,"Problem Solving") | C8: =COUNTIFS('Roadmap Tracker'!E:E,"Problem Solving",'Roadmap Tracker'!I:I,"Completed") | D8: =COUNTIFS('Roadmap Tracker'!E:E,"Problem Solving",'Roadmap Tracker'!I:I,"In Progress") | E8: =IF(B8=0,0,ROUND((C8/B8)*100,1))
A9: SQL Server | B9: =COUNTIF('Roadmap Tracker'!E:E,"SQL Server") | C9: =COUNTIFS('Roadmap Tracker'!E:E,"SQL Server",'Roadmap Tracker'!I:I,"Completed") | D9: =COUNTIFS('Roadmap Tracker'!E:E,"SQL Server",'Roadmap Tracker'!I:I,"In Progress") | E9: =IF(B9=0,0,ROUND((C9/B9)*100,1))
A10: Entity Framework Core | B10: =COUNTIF('Roadmap Tracker'!E:E,"Entity Framework Core") | C10: =COUNTIFS('Roadmap Tracker'!E:E,"Entity Framework Core",'Roadmap Tracker'!I:I,"Completed") | D10: =COUNTIFS('Roadmap Tracker'!E:E,"Entity Framework Core",'Roadmap Tracker'!I:I,"In Progress") | E10: =IF(B10=0,0,ROUND((C10/B10)*100,1))
A11: Database Advanced | B11: =COUNTIF('Roadmap Tracker'!E:E,"Database Advanced") | C11: =COUNTIFS('Roadmap Tracker'!E:E,"Database Advanced",'Roadmap Tracker'!I:I,"Completed") | D11: =COUNTIFS('Roadmap Tracker'!E:E,"Database Advanced",'Roadmap Tracker'!I:I,"In Progress") | E11: =IF(B11=0,0,ROUND((C11/B11)*100,1))
A12: ASP.NET Core Basics | B12: =COUNTIF('Roadmap Tracker'!E:E,"ASP.NET Core Basics") | C12: =COUNTIFS('Roadmap Tracker'!E:E,"ASP.NET Core Basics",'Roadmap Tracker'!I:I,"Completed") | D12: =COUNTIFS('Roadmap Tracker'!E:E,"ASP.NET Core Basics",'Roadmap Tracker'!I:I,"In Progress") | E12: =IF(B12=0,0,ROUND((C12/B12)*100,1))
A13: ASP.NET Core Web API | B13: =COUNTIF('Roadmap Tracker'!E:E,"ASP.NET Core Web API") | C13: =COUNTIFS('Roadmap Tracker'!E:E,"ASP.NET Core Web API",'Roadmap Tracker'!I:I,"Completed") | D13: =COUNTIFS('Roadmap Tracker'!E:E,"ASP.NET Core Web API",'Roadmap Tracker'!I:I,"In Progress") | E13: =IF(B13=0,0,ROUND((C13/B13)*100,1))
A14: ASP.NET Core MVC | B14: =COUNTIF('Roadmap Tracker'!E:E,"ASP.NET Core MVC") | C14: =COUNTIFS('Roadmap Tracker'!E:E,"ASP.NET Core MVC",'Roadmap Tracker'!I:I,"Completed") | D14: =COUNTIFS('Roadmap Tracker'!E:E,"ASP.NET Core MVC",'Roadmap Tracker'!I:I,"In Progress") | E14: =IF(B14=0,0,ROUND((C14/B14)*100,1))
A15: ASP.NET Core Review | B15: =COUNTIF('Roadmap Tracker'!E:E,"ASP.NET Core Review") | C15: =COUNTIFS('Roadmap Tracker'!E:E,"ASP.NET Core Review",'Roadmap Tracker'!I:I,"Completed") | D15: =COUNTIFS('Roadmap Tracker'!E:E,"ASP.NET Core Review",'Roadmap Tracker'!I:I,"In Progress") | E15: =IF(B15=0,0,ROUND((C15/B15)*100,1))
A16: Software Testing | B16: =COUNTIF('Roadmap Tracker'!E:E,"Software Testing") | C16: =COUNTIFS('Roadmap Tracker'!E:E,"Software Testing",'Roadmap Tracker'!I:I,"Completed") | D16: =COUNTIFS('Roadmap Tracker'!E:E,"Software Testing",'Roadmap Tracker'!I:I,"In Progress") | E16: =IF(B16=0,0,ROUND((C16/B16)*100,1))
A17: Major Project #1 | B17: =COUNTIF('Roadmap Tracker'!E:E,"Major Project #1") | C17: =COUNTIFS('Roadmap Tracker'!E:E,"Major Project #1",'Roadmap Tracker'!I:I,"Completed") | D17: =COUNTIFS('Roadmap Tracker'!E:E,"Major Project #1",'Roadmap Tracker'!I:I,"In Progress") | E17: =IF(B17=0,0,ROUND((C17/B17)*100,1))
A18: Design Patterns | B18: =COUNTIF('Roadmap Tracker'!E:E,"Design Patterns") | C18: =COUNTIFS('Roadmap Tracker'!E:E,"Design Patterns",'Roadmap Tracker'!I:I,"Completed") | D18: =COUNTIFS('Roadmap Tracker'!E:E,"Design Patterns",'Roadmap Tracker'!I:I,"In Progress") | E18: =IF(B18=0,0,ROUND((C18/B18)*100,1))
A19: SOLID Principles | B19: =COUNTIF('Roadmap Tracker'!E:E,"SOLID Principles") | C19: =COUNTIFS('Roadmap Tracker'!E:E,"SOLID Principles",'Roadmap Tracker'!I:I,"Completed") | D19: =COUNTIFS('Roadmap Tracker'!E:E,"SOLID Principles",'Roadmap Tracker'!I:I,"In Progress") | E19: =IF(B19=0,0,ROUND((C19/B19)*100,1))
A20: Clean Architecture | B20: =COUNTIF('Roadmap Tracker'!E:E,"Clean Architecture") | C20: =COUNTIFS('Roadmap Tracker'!E:E,"Clean Architecture",'Roadmap Tracker'!I:I,"Completed") | D20: =COUNTIFS('Roadmap Tracker'!E:E,"Clean Architecture",'Roadmap Tracker'!I:I,"In Progress") | E20: =IF(B20=0,0,ROUND((C20/B20)*100,1))
A21: CQRS & MediatR | B21: =COUNTIF('Roadmap Tracker'!E:E,"CQRS & MediatR") | C21: =COUNTIFS('Roadmap Tracker'!E:E,"CQRS & MediatR",'Roadmap Tracker'!I:I,"Completed") | D21: =COUNTIFS('Roadmap Tracker'!E:E,"CQRS & MediatR",'Roadmap Tracker'!I:I,"In Progress") | E21: =IF(B21=0,0,ROUND((C21/B21)*100,1))
A22: Docker | B22: =COUNTIF('Roadmap Tracker'!E:E,"Docker") | C22: =COUNTIFS('Roadmap Tracker'!E:E,"Docker",'Roadmap Tracker'!I:I,"Completed") | D22: =COUNTIFS('Roadmap Tracker'!E:E,"Docker",'Roadmap Tracker'!I:I,"In Progress") | E22: =IF(B22=0,0,ROUND((C22/B22)*100,1))
A23: Microservices | B23: =COUNTIF('Roadmap Tracker'!E:E,"Microservices") | C23: =COUNTIFS('Roadmap Tracker'!E:E,"Microservices",'Roadmap Tracker'!I:I,"Completed") | D23: =COUNTIFS('Roadmap Tracker'!E:E,"Microservices",'Roadmap Tracker'!I:I,"In Progress") | E23: =IF(B23=0,0,ROUND((C23/B23)*100,1))
A24: CI/CD | B24: =COUNTIF('Roadmap Tracker'!E:E,"CI/CD") | C24: =COUNTIFS('Roadmap Tracker'!E:E,"CI/CD",'Roadmap Tracker'!I:I,"Completed") | D24: =COUNTIFS('Roadmap Tracker'!E:E,"CI/CD",'Roadmap Tracker'!I:I,"In Progress") | E24: =IF(B24=0,0,ROUND((C24/B24)*100,1))
A25: Azure Cloud | B25: =COUNTIF('Roadmap Tracker'!E:E,"Azure Cloud") | C25: =COUNTIFS('Roadmap Tracker'!E:E,"Azure Cloud",'Roadmap Tracker'!I:I,"Completed") | D25: =COUNTIFS('Roadmap Tracker'!E:E,"Azure Cloud",'Roadmap Tracker'!I:I,"In Progress") | E25: =IF(B25=0,0,ROUND((C25/B25)*100,1))
A26: Advanced .NET | B26: =COUNTIF('Roadmap Tracker'!E:E,"Advanced .NET") | C26: =COUNTIFS('Roadmap Tracker'!E:E,"Advanced .NET",'Roadmap Tracker'!I:I,"Completed") | D26: =COUNTIFS('Roadmap Tracker'!E:E,"Advanced .NET",'Roadmap Tracker'!I:I,"In Progress") | E26: =IF(B26=0,0,ROUND((C26/B26)*100,1))
A27: Capstone Project | B27: =COUNTIF('Roadmap Tracker'!E:E,"Capstone Project") | C27: =COUNTIFS('Roadmap Tracker'!E:E,"Capstone Project",'Roadmap Tracker'!I:I,"Completed") | D27: =COUNTIFS('Roadmap Tracker'!E:E,"Capstone Project",'Roadmap Tracker'!I:I,"In Progress") | E27: =IF(B27=0,0,ROUND((C27/B27)*100,1))

Sheet Instructions
A1: Instructions for Using This Tracker | B1: Description
A2: 1. Update Status Column | B2: In the "Roadmap Tracker" sheet, update the Status column (I) with: "Not Started", "In Progress", or "Completed"
A3: 2. Track Your Progress | B3: When you complete a week, add the completion date in column K and change status to "Completed"
A4: 3. View Dashboard | B4: The Dashboard sheet automatically calculates your overall progress and shows if you are on track
A5: 4. Monitor Monthly Progress | B5: Track your progress month by month to ensure you are meeting your goals
A6: 5. Review Topics Progress | B6: See which topics you have completed and which ones need more work
A7: 6. Tips for Success | B7: Be consistent, practice daily, and don't skip the fundamentals!
A9: Status Values: | B9: • Not Started - You haven't started this week yet
A10: How to Update: | B10: 1. Open "Roadmap Tracker" sheet 2. Find current week row 3. Update Status in column I 4. Add notes in column J if needed 5. Add completion date in column K when done
A11: Dashboard Features: | B11: • Total weeks, months, and completion statistics • Progress percentage • Ahead/Behind schedule indicator • Visual charts (if Excel supports)
A12: Monthly Progress: | B12: • Shows progress for each of the 24 months • Helps you track if you are on schedule • Identifies months needing more focus
A13: Topics Progress: | B13: • Breaks down progress by topic area • Helps identify strengths and weaknesses • Guides study focus
